Project Summary,EPMS - Employee Performance Management System
Repository,Kazumabot1/EPMSF
Project Duration,47 days
Total Commits,100+
Active Contributors,5

Language Composition,
TypeScript,47.5%
Java,39.1%
CSS,13%
Other,0.4%

Team Breakdown,
Lynn,Backend Lead - 28+ commits
AliceWaddy10,Frontend Developer - 16 commits
nomore-yyp317,Analytics & Feedback Lead - 14 commits
aungmoemyint0963-hash,Employee Management Dev - 8 commits
juggerkaung,Scoring System Dev - 4 commits

Key Modules Completed,
✓ KPI Management System (100%)
✓ Dashboard Integration (100%)
✓ Analytics Module (100%)
✓ 360-Degree Feedback (100%)
✓ Self-Assessment Module (100%)
✓ Position Management (100%)
✓ Department Management (100%)
✓ Role-Based Access Control (100%)
✓ Employee Scoring System (100%)
✓ One-on-One Evaluations (100%)
✓ Excel Import Functionality (100%)
✓ Form Setup & Campaign Management (100%)

Project Status,Final Project - Completed
Last Commit,2026-06-02
Repository URL,https://github.com/Kazumabot1/EPMSF